use franciscoa_versionador2;

insert into usuarios(nombre) values
	('Marcelo'), ('Mónica'), ('Andrea'), ('Luis'), ('Fabián'), ('Felipe'), ('Celeste'), ('María'), ('Matías'), ('Marcelo'),
    ('Juan'), ('Carlos'), ('Vicente'), ('María Sol'), ('Micaela'), ('Cristian'), ('Juan'), ('Gonzalo'), ('Jorge'), ('Hugo');
    
insert into transacciones (id_usuario, comentario) values
	(1, 'primer ejemplo de comentario'),
    (2, 'segundo ejemplo de comentario'), 
    (3, 'tercer ejemplo de comentario'), 
    (4, 'cuarto ejemplo de comentario'),
    (5, 'quinto ejemplo de comentario'),
    (6, 'sexto ejemplo de comentario'),
    (7, 'séptimo ejemplo de comentario'),
    (8, 'octavo ejemplo de comentario'),
    (1, 'noveno ejemplo de comentario'),
    (17, 'décimo ejemplo de comentario'), 
    (9, 'décimoprimer ejemplo de comentario'),
    (15, 'décimosegundo ejemplo de comentario'),
    (12, 'décimotercer ejemplo de comentario'),
    (4, 'décimocuarto ejemplo de comentario'),
    (20, 'décimoquinto ejemplo de comentario'),
    (18, 'décimosexto ejemplo de comentario'),
    (11, 'décimoséptimo ejemplo de comentario'), 
    (4, 'décimooctavo ejemplo de comentario'), 
    (1, 'décimonoveno ejemplo de comentario'), 
    (17, 'vigésimo ejemplo de comentario');

insert into log_entrada(ip, id_usuario, pc) values
	('22.333.239.100', 1, 'PC1'),
    ('22.333.239.101', 2, 'PC2'), 
    ('22.333.239.102', 3, 'PC3'),
    ('22.333.239.103', 4, 'PC4'),
    ('22.333.239.104', 5, 'PC5'), 
    ('22.333.239.105', 6, 'PC6'),
    ('22.333.239.106', 7, 'PC7'),
    ('22.333.239.107', 8, 'PC8'),
    ('22.333.239.108', 9, 'PC9'),
    ('22.333.239.109', 10, 'PC10'), 
    ('22.333.239.110', 11, 'PC11'),
    ('22.333.239.111', 12, 'PC12'),
    ('22.333.239.112', 13, 'PC13'),
    ('22.333.239.113', 14, 'PC14'),
    ('22.333.239.114', 15, 'PC15'), 
    ('22.333.239.115', 16, 'PC16'),
    ('22.333.239.116', 17, 'PC17'),
    ('22.333.239.117', 18, 'PC18'),
    ('22.333.239.118', 19, 'PC19'), 
    ('22.333.239.119', 20, 'PC20');

insert into logs(id_usuario, accion) values
	(1, "agrega cambios"), 
    (2, "realiza mejoras"),
    (3, "borra"),
    (4, "corrije"),
    (5, "documenta"),
    (6, "agrega cambios"), 
    (7, "realiza mejoras"),
    (8, "documenta"),
    (9, "borra"),
    (10, "agrega cambios"),
    (11, "corrije"),
    (12, "documenta"), 
    (13, "agrega cambios"),
    (14, "realiza mejoras"), 
    (15, "borra"),
    (16, "documenta"),
    (17, "agrega cambios"),
    (18, "realiza mejoras"), 
    (19, "corrije"),
    (20, "agrega cambios");
    
insert into proyectos_cab(id_usuario, nombre, descripcion, carpeta_base, activo) values
	(1,'Proyecto nro1', 'descripción del proyecto nro1', 'CarpetaBase1','activo'), 
    (2,'Proyecto nro2', 'descripción del proyecto nro2', 'CarpetaBase2','baja'),
    (3,'Proyecto nro3', 'descripción del proyecto nro3', 'CarpetaBase3','suspendido'), 
    (4,'Proyecto nro4', 'descripción del proyecto nro4', 'CarpetaBase4','en espera de aprobación'),
    (5,'Proyecto nro5', 'descripción del proyecto nro5', 'CarpetaBase5','activo'), 
    (6,'Proyecto nro6', 'descripción del proyecto nro6', 'CarpetaBase6','en espera de aprobación'),
    (7,'Proyecto nro7', 'descripción del proyecto nro7', 'CarpetaBase7','activo'),
    (8,'Proyecto nro8', 'descripción del proyecto nro8', 'CarpetaBase8','baja'),
    (9,'Proyecto nro9', 'descripción del proyecto nro9', 'CarpetaBase9','activo'), 
    (10,'Proyecto nro10', 'descripción del proyecto nro10', 'CarpetaBase10','suspendido'),
    (11,'Proyecto nro11', 'descripción del proyecto nro11', 'CarpetaBase11','en espera de aprobación'), 
    (12,'Proyecto nro12', 'descripción del proyecto nro12', 'CarpetaBase12','activo'),
    (13,'Proyecto nro13', 'descripción del proyecto nro13', 'CarpetaBase13','baja'), 
    (14,'Proyecto nro14', 'descripción del proyecto nro14', 'CarpetaBase14','activo'),
    (15,'Proyecto nro15', 'descripción del proyecto nro15', 'CarpetaBase15','suspendido'), 
    (16,'Proyecto nro16', 'descripción del proyecto nro16', 'CarpetaBase16','activo'),
    (17,'Proyecto nro17', 'descripción del proyecto nro17', 'CarpetaBase17','en espera de aprobación'), 
    (18,'Proyecto nro18', 'descripción del proyecto nro18', 'CarpetaBase18','suspendido'),
    (19,'Proyecto nro19', 'descripción del proyecto nro19', 'CarpetaBase19','baja'), 
    (20,'Proyecto nro20', 'descripción del proyecto nro20', 'CarpetaBase20','activo');
    
insert into proyectos_det(id_proyecto, id_usuario, archivo, destino) values
	(1,1,'nombreDeArchivo','destino/del/proyecto/a/guardar'),
    (2,2,'nombreDeArchivo2','destino/del/proyecto/a/guardar'),
    (3,3,'nombreDeArchivo3','destino/del/proyecto/a/guardar'),
    (4,4,'nombreDeArchivo4','destino/del/proyecto/a/guardar'),
    (5,5,'nombreDeArchivo5','destino/del/proyecto/a/guardar'),
    (6,6,'nombreDeArchivo6','destino/del/proyecto/a/guardar'),
    (7,7,'nombreDeArchivo7','destino/del/proyecto/a/guardar'),
    (8,8,'nombreDeArchivo8','destino/del/proyecto/a/guardar'),
    (9,9,'nombreDeArchivo9','destino/del/proyecto/a/guardar'),
    (10,10,'nombreDeArchivo10','destino/del/proyecto/a/guardar'),
    (11,11,'nombreDeArchivo11','destino/del/proyecto/a/guardar'),
    (12,12,'nombreDeArchivo12','destino/del/proyecto/a/guardar'),
    (13,13,'nombreDeArchivo13','destino/del/proyecto/a/guardar'),
    (14,14,'nombreDeArchivo14','destino/del/proyecto/a/guardar'),
    (15,15,'nombreDeArchivo15','destino/del/proyecto/a/guardar'),
    (16,16,'nombreDeArchivo16','destino/del/proyecto/a/guardar'),
    (17,17,'nombreDeArchivo17','destino/del/proyecto/a/guardar'),
    (18,18,'nombreDeArchivo18','destino/del/proyecto/a/guardar'),
    (19,19,'nombreDeArchivo19','destino/del/proyecto/a/guardar'),
    (20,20,'nombreDeArchivo20','destino/del/proyecto/a/guardar');

insert into versiones(id_transaccion, id_archivo, id_usuario, tipo) values
	(1,1,1,'tipoDeVersión'),
    (2,2,2,'tipoDeVersión'),
    (3,3,3,'tipoDeVersión'),
    (4,4,4,'tipoDeVersión'),
    (5,5,5,'tipoDeVersión'),
    (6,6,6,'tipoDeVersión'),
    (7,7,7,'tipoDeVersión'),
    (8,8,8,'tipoDeVersión'),
    (9,9,1,'tipoDeVersión'),
    (10,10,17,'tipoDeVersión'),
    (11,11,9,'tipoDeVersión'),
    (12,12,15,'tipoDeVersión'),
    (13,13,12,'tipoDeVersión'),
    (14,14,4,'tipoDeVersión'),
    (15,15,20,'tipoDeVersión'),
    (16,16,18,'tipoDeVersión'),
    (17,17,11,'tipoDeVersión'),
    (18,18,4,'tipoDeVersión'),
    (19,19,1,'tipoDeVersión'),
    (20,20,17,'tipoDeVersión');

insert into archivos_vinculados(id_proyecto, id_archivo) values
	(1,1),
    (7,7),
    (12,12);


